,index,along_track,time,x,y,xtilt,atilt,code,shifts,range_shift,npeaks
0,304,0,1696329389.60787,-35.7414412233047,-24.5062381379539,0.881272971630096,1.74161565303803,304kuka_stare_decon_Ku-Scat20231003-103408.nc,40,1.60491455078125,4
1,305,0.00227042636082449,1696329390.07277,-35.7394076180644,-24.5052285412094,0.385556906461716,1.5543452501297,305kuka_stare_decon_Ku-Scat20231003-103408.nc,39,1.59728515625,3
2,306,0.00227042636082449,1696329390.53784,-35.7394076180644,-24.5052285412094,0.385556906461716,1.5543452501297,306kuka_stare_decon_Ku-Scat20231003-103408.nc,41,1.6125439453125,3
3,307,0.202734923335855,1696329391.0028,-35.6046853889711,-24.356574211386,0.0881272926926613,0.84932678937912,307kuka_stare_decon_Ku-Scat20231003-103408.nc,39,1.59728515625,2
4,308,0.202734923335855,1696329391.46791,-35.6046853889711,-24.356574211386,0.0881272926926613,0.84932678937912,308kuka_stare_decon_Ku-Scat20231003-103408.nc,39,1.59728515625,3
5,309,0.574697645775265,1696329391.93187,-35.3752312641591,-24.0633299647598,0.616891086101532,0.893390476703644,309kuka_stare_decon_Ku-Scat20231003-103408.nc,39,1.59728515625,2
6,310,0.574697645775265,1696329392.39681,-35.3752312641591,-24.0633299647598,0.616891086101532,0.893390476703644,310kuka_stare_decon_Ku-Scat20231003-103408.nc,39,1.59728515625,2
7,311,0.959890165779905,1696329392.86183,-35.1344287754036,-23.7626488571987,0.616891086101532,0.893390476703644,311kuka_stare_decon_Ku-Scat20231003-103408.nc,41,1.6125439453125,2
8,350,0.991446245270397,1696329410.99112,-35.1201802268624,-23.7335801078007,0.815177500247955,1.02558147907257,350kuka_stare_decon_Ku-Scat20231003-103408.nc,40,1.60491455078125,2
9,351,0.991446245270397,1696329411.45521,-35.1201802268624,-23.7335801078007,1.24479806423187,1.79669523239136,351kuka_stare_decon_Ku-Scat20231003-103408.nc,40,1.60491455078125,2
10,352,1.2171389049631,1696329411.92009,-34.9853683137335,-23.5524137991015,1.24479806423187,1.79669523239136,352kuka_stare_decon_Ku-Scat20231003-103408.nc,38,1.58965576171875,2
11,353,1.2171389049631,1696329412.38499,-34.9853683137335,-23.5524137991015,0.67197060585022,0.0782129317522049,353kuka_stare_decon_Ku-Scat20231003-103408.nc,43,1.627802734375,3
12,354,1.7053655374027,1696329412.85004,-34.7432358590886,-23.1235387248453,0.67197060585022,0.0782129317522049,354kuka_stare_decon_Ku-Scat20231003-103408.nc,40,1.60491455078125,3
13,355,1.7053655374027,1696329413.31494,-34.7432358590886,-23.1235387248453,1.25581395626068,0.640024363994598,355kuka_stare_decon_Ku-Scat20231003-103408.nc,39,1.59728515625,2
14,357,1.90969842743831,1696329414.24509,-34.6505114492029,-22.9388133991743,1.25581395626068,0.640024363994598,357kuka_stare_decon_Ku-Scat20231003-103408.nc,38,1.58965576171875,3
15,358,1.98704307058195,1696329414.70991,-34.6093171634711,-22.8732545870589,1.68543446063995,0.992533624172211,358kuka_stare_decon_Ku-Scat20231003-103408.nc,37,1.5820263671875,3
16,359,1.98704307058195,1696329415.17382,-34.6093171634711,-22.8732545870589,1.68543446063995,0.992533624172211,359kuka_stare_decon_Ku-Scat20231003-103408.nc,39,1.59728515625,3
17,360,1.98704307058195,1696329415.63876,-34.6093171634711,-22.8732545870589,0.59485924243927,-2.01481032371521,360kuka_stare_decon_Ku-Scat20231003-103408.nc,37,1.5820263671875,4
18,361,2.36814298599727,1696329416.10381,-34.4747060216032,-22.5053675447125,0.59485924243927,-2.01481032371521,361kuka_stare_decon_Ku-Scat20231003-103408.nc,36,1.57439697265625,4
19,362,2.36814298599727,1696329416.56878,-34.4747060216032,-22.5053675447125,0.793145656585693,-1.41995120048523,362kuka_stare_decon_Ku-Scat20231003-103408.nc,38,1.58965576171875,4
20,364,2.67293581410544,1696329417.4986,-34.369260603562,-22.2123972077388,0.308445543050766,-0.681885063648224,364kuka_stare_decon_Ku-Scat20231003-103408.nc,37,1.5820263671875,4
21,365,2.73112313145627,1696329417.96375,-34.3546762582846,-22.153385297046,0.308445543050766,-0.681885063648224,365kuka_stare_decon_Ku-Scat20231003-103408.nc,36,1.57439697265625,3
22,366,2.73112313145627,1696329418.42784,-34.3546762582846,-22.153385297046,0.0220318231731653,-1.98176264762878,366kuka_stare_decon_Ku-Scat20231003-103408.nc,38,1.58965576171875,3
23,367,3.20233984861623,1696329418.89285,-34.1855594734661,-21.7072718132986,0.0220318231731653,-1.98176264762878,367kuka_stare_decon_Ku-Scat20231003-103408.nc,37,1.5820263671875,4
24,368,3.20233984861623,1696329419.35775,-34.1855594734661,-21.7072718132986,0.51774787902832,-0.604773581027985,368kuka_stare_decon_Ku-Scat20231003-103408.nc,36,1.57439697265625,3
25,369,3.35234784448373,1696329419.82273,-34.1243021208793,-21.5697270799428,0.51774787902832,-0.604773581027985,369kuka_stare_decon_Ku-Scat20231003-103408.nc,36,1.57439697265625,4
26,370,3.35234784448373,1696329420.28787,-34.1243021208793,-21.5697270799428,0.51774787902832,-0.604773581027985,370kuka_stare_decon_Ku-Scat20231003-103408.nc,38,1.58965576171875,4
27,371,3.56143907881673,1696329420.75261,-34.0537975849584,-21.3700450217584,-0.440636485815048,-3.02827429771423,371kuka_stare_decon_Ku-Scat20231003-103408.nc,37,1.5820263671875,4
28,372,3.56143907881673,1696329421.21783,-34.0537975849584,-21.3700450217584,-0.440636485815048,-3.02827429771423,372kuka_stare_decon_Ku-Scat20231003-103408.nc,36,1.57439697265625,4
29,373,3.67202636977361,1696329421.68166,-34.0082386820577,-21.2689882848645,-0.121175028383732,-1.61823725700378,373kuka_stare_decon_Ku-Scat20231003-103408.nc,37,1.5820263671875,5
30,374,3.67202636977361,1696329422.14659,-34.0082386820577,-21.2689882848645,-0.121175028383732,-1.61823725700378,374kuka_stare_decon_Ku-Scat20231003-103408.nc,36,1.57439697265625,3
31,375,3.67202636977361,1696329422.61158,-34.0082386820577,-21.2689882848645,0.110159121453762,-3.54602217674255,375kuka_stare_decon_Ku-Scat20231003-103408.nc,37,1.5820263671875,3
32,376,4.13589403877879,1696329423.07672,-33.8541555567645,-20.8260516871233,0.110159121453762,-3.54602217674255,376kuka_stare_decon_Ku-Scat20231003-103408.nc,36,1.57439697265625,4
33,377,4.13589403877879,1696329423.54152,-33.8541555567645,-20.8260516871233,-1.38800489902496,-0.0209303386509418,377kuka_stare_decon_Ku-Scat20231003-103408.nc,34,1.55913818359375,3
34,378,4.44371334764067,1696329424.0065,-33.7234272146598,-20.5471716094762,-1.38800489902496,-0.0209303386509418,378kuka_stare_decon_Ku-Scat20231003-103408.nc,36,1.57439697265625,3
35,392,4.43080423761373,1696329430.51437,-33.7234598929062,-20.5616497510346,-0.286413699388504,0.39767450094223,392kuka_stare_decon_Ku-Scat20231003-103408.nc,36,1.57439697265625,4
36,393,4.43108682690997,1696329430.97922,-33.7206499832682,-20.5627709792461,-0.286413699388504,0.39767450094223,393kuka_stare_decon_Ku-Scat20231003-103408.nc,36,1.57439697265625,4
37,394,4.43108682690997,1696329431.44323,-33.7206499832682,-20.5627709792461,-0.286413699388504,0.39767450094223,394kuka_stare_decon_Ku-Scat20231003-103408.nc,36,1.57439697265625,3
38,395,4.50046772353094,1696329431.90821,-33.7241439116187,-20.4832142395899,-1.41003668308258,-0.296328127384186,395kuka_stare_decon_Ku-Scat20231003-103408.nc,39,1.59728515625,5
39,396,4.50046772353094,1696329432.37354,-33.7241439116187,-20.4832142395899,-1.41003668308258,-0.296328127384186,396kuka_stare_decon_Ku-Scat20231003-103408.nc,40,1.60491455078125,4
40,431,4.44010919288814,1696329448.64318,-33.8129718829878,-20.506791220163,-0.242350056767464,1.84075891971588,431kuka_stare_decon_Ku-Scat20231003-103408.nc,38,1.58965576171875,4
41,432,4.44010919288814,1696329449.10741,-33.8129718829878,-20.506791220163,-0.749082028865814,1.19082009792328,432kuka_stare_decon_Ku-Scat20231003-103408.nc,37,1.5820263671875,4
42,433,4.44010919288814,1696329449.57242,-33.8129718829878,-20.506791220163,-0.749082028865814,1.19082009792328,433kuka_stare_decon_Ku-Scat20231003-103408.nc,38,1.58965576171875,3
43,434,4.72117379400825,1696329450.03736,-33.6818449078128,-20.2579979128204,-0.682986557483673,0.915422260761261,434kuka_stare_decon_Ku-Scat20231003-103408.nc,38,1.58965576171875,5
44,435,4.72117379400825,1696329450.50225,-33.6818449078128,-20.2579979128204,-0.682986557483673,0.915422260761261,435kuka_stare_decon_Ku-Scat20231003-103408.nc,38,1.58965576171875,4
45,436,5.07989239301411,1696329450.96724,-33.5141437756829,-19.9406655775383,-0.550795614719391,1.56536114215851,436kuka_stare_decon_Ku-Scat20231003-103408.nc,38,1.58965576171875,3
46,437,5.07989239301411,1696329451.43235,-33.5141437756829,-19.9406655775383,-0.550795614719391,1.56536114215851,437kuka_stare_decon_Ku-Scat20231003-103408.nc,39,1.59728515625,3
47,438,5.18541232422289,1696329451.8972,-33.4599691485055,-19.8496958430624,-0.407588750123978,1.96193397045136,438kuka_stare_decon_Ku-Scat20231003-103408.nc,39,1.59728515625,3
48,494,5.14503451037264,1696329477.92836,-33.459122412838,-19.8951210324885,0.0440636463463306,0.981517732143402,494kuka_stare_decon_Ku-Scat20231003-103408.nc,39,1.59728515625,3
49,495,5.14503451037264,1696329478.39336,-33.459122412838,-19.8951210324885,0.220318242907524,1.69755208492279,495kuka_stare_decon_Ku-Scat20231003-103408.nc,39,1.59728515625,3
50,496,5.36218985169415,1696329478.85733,-33.3437847923487,-19.7099558647024,0.220318242907524,1.69755208492279,496kuka_stare_decon_Ku-Scat20231003-103408.nc,39,1.59728515625,4
51,497,5.36218985169415,1696329479.3223,-33.3437847923487,-19.7099558647024,0.286413699388504,0.915422260761261,497kuka_stare_decon_Ku-Scat20231003-103408.nc,39,1.59728515625,5
52,498,5.3887260989147,1696329479.7872,-33.3218256235123,-19.6912792265648,0.286413699388504,0.915422260761261,498kuka_stare_decon_Ku-Scat20231003-103408.nc,38,1.58965576171875,4
53,499,5.3887260989147,1696329480.25236,-33.3218256235123,-19.6912792265648,0.0440636463463306,0.662056386470795,499kuka_stare_decon_Ku-Scat20231003-103408.nc,39,1.59728515625,3
54,500,5.71111341876545,1696329480.71706,-33.1653948030435,-19.4091015572194,0.0440636463463306,0.662056386470795,500kuka_stare_decon_Ku-Scat20231003-103408.nc,39,1.59728515625,3
55,501,5.71111341876545,1696329481.18203,-33.1653948030435,-19.4091015572194,0.0440636463463306,0.662056386470795,501kuka_stare_decon_Ku-Scat20231003-103408.nc,40,1.60491455078125,3
56,502,6.00212488528867,1696329481.64692,-33.0311886901036,-19.1508637957741,1.38800489902496,1.24589967727661,502kuka_stare_decon_Ku-Scat20231003-103408.nc,39,1.59728515625,4
57,503,6.00212488528867,1696329482.11097,-33.0311886901036,-19.1508637957741,1.38800489902496,1.24589967727661,503kuka_stare_decon_Ku-Scat20231003-103408.nc,38,1.58965576171875,2
58,504,6.00212488528867,1696329482.57598,-33.0311886901036,-19.1508637957741,0.440636485815048,-2.30122399330139,504kuka_stare_decon_Ku-Scat20231003-103408.nc,40,1.60491455078125,2
59,505,6.54437208762877,1696329483.041,-32.8048745831475,-18.657701364602,0.440636485815048,-2.30122399330139,505kuka_stare_decon_Ku-Scat20231003-103408.nc,39,1.59728515625,3
60,506,6.54437208762877,1696329483.50603,-32.8048745831475,-18.657701364602,0.749082028865814,0.364626586437225,506kuka_stare_decon_Ku-Scat20231003-103408.nc,39,1.59728515625,2
61,507,6.73538168552557,1696329483.97111,-32.7274286588654,-18.4828591268742,0.749082028865814,0.364626586437225,507kuka_stare_decon_Ku-Scat20231003-103408.nc,38,1.58965576171875,3
62,508,6.73538168552557,1696329484.43604,-32.7274286588654,-18.4828591268742,-0.0440636463463306,-1.66230082511902,508kuka_stare_decon_Ku-Scat20231003-103408.nc,37,1.5820263671875,4
63,509,7.2095408410204,1696329484.90112,-32.5637417081743,-18.0347850607941,-0.0440636463463306,-1.66230082511902,509kuka_stare_decon_Ku-Scat20231003-103408.nc,37,1.5820263671875,3
64,510,7.2095408410204,1696329485.36499,-32.5637417081743,-18.0347850607941,-0.341493278741837,-0.79204398393631,510kuka_stare_decon_Ku-Scat20231003-103408.nc,38,1.58965576171875,4
65,511,7.65897778558826,1696329485.82994,-32.4013675344177,-17.6139345699921,-0.341493278741837,-0.79204398393631,511kuka_stare_decon_Ku-Scat20231003-103408.nc,37,1.5820263671875,4
66,512,7.65897778558826,1696329486.29484,-32.4013675344177,-17.6139345699921,-0.341493278741837,-0.79204398393631,512kuka_stare_decon_Ku-Scat20231003-103408.nc,38,1.58965576171875,4
67,513,7.92345164660936,1696329486.75989,-32.310350723099,-17.3642003352288,0.374541014432907,0.507833421230316,513kuka_stare_decon_Ku-Scat20231003-103408.nc,38,1.58965576171875,3
68,514,7.92345164660936,1696329487.22498,-32.310350723099,-17.3642003352288,0.374541014432907,0.507833421230316,514kuka_stare_decon_Ku-Scat20231003-103408.nc,38,1.58965576171875,3
69,515,8.14476820795428,1696329487.68972,-32.2317277332768,-17.1564653265523,-0.308445543050766,1.25691556930542,515kuka_stare_decon_Ku-Scat20231003-103408.nc,44,1.63543212890625,3
70,516,8.14476820795428,1696329488.15467,-32.2317277332768,-17.1564653265523,-0.308445543050766,1.25691556930542,516kuka_stare_decon_Ku-Scat20231003-103408.nc,39,1.59728515625,3
71,517,8.14476820795428,1696329488.61911,-32.2317277332768,-17.1564653265523,-0.484700113534927,-0.670868933200836,517kuka_stare_decon_Ku-Scat20231003-103408.nc,40,1.60491455078125,5
72,518,8.47069149325436,1696329489.08394,-32.1204510401003,-16.8484940532362,-0.484700113534927,-0.670868933200836,518kuka_stare_decon_Ku-Scat20231003-103408.nc,39,1.59728515625,3
73,519,8.47069149325436,1696329489.5487,-32.1204510401003,-16.8484940532362,0.59485924243927,1.28996336460114,519kuka_stare_decon_Ku-Scat20231003-103408.nc,40,1.60491455078125,3
74,520,8.73510379520297,1696329490.01384,-32.0063300267793,-16.6099742959486,0.59485924243927,1.28996336460114,520kuka_stare_decon_Ku-Scat20231003-103408.nc,39,1.59728515625,4
75,521,8.73510379520297,1696329490.47882,-32.0063300267793,-16.6099742959486,0.352509170770645,-0.49461442232132,521kuka_stare_decon_Ku-Scat20231003-103408.nc,39,1.59728515625,4
76,522,9.03231896757816,1696329490.94367,-31.8855928797275,-16.3382996291621,0.352509170770645,-0.49461442232132,522kuka_stare_decon_Ku-Scat20231003-103408.nc,38,1.58965576171875,4
77,523,9.03231896757816,1696329491.40855,-31.8855928797275,-16.3382996291621,-0.0440636463463306,-0.34039169549942,523kuka_stare_decon_Ku-Scat20231003-103408.nc,37,1.5820263671875,4
78,524,9.36285726328766,1696329491.87352,-31.7947645988315,-16.0158412241144,-0.0440636463463306,-0.34039169549942,524kuka_stare_decon_Ku-Scat20231003-103408.nc,37,1.5820263671875,4
79,561,9.49446225581517,1696329509.07181,-31.7044296879321,-15.9127899714513,-0.330477356910706,-0.825091898441315,561kuka_stare_decon_Ku-Scat20231003-103408.nc,36,1.57439697265625,3
80,562,9.49446225581517,1696329509.53691,-31.7044296879321,-15.9127899714513,-0.330477356910706,-0.825091898441315,562kuka_stare_decon_Ku-Scat20231003-103408.nc,35,1.566767578125,3
81,563,9.70498572994827,1696329510.00173,-31.6323852161877,-15.7140594120137,-1.18971848487854,-1.66230082511902,563kuka_stare_decon_Ku-Scat20231003-103408.nc,35,1.566767578125,3
82,564,9.70498572994827,1696329510.46707,-31.6323852161877,-15.7140594120137,-1.18971848487854,-1.66230082511902,564kuka_stare_decon_Ku-Scat20231003-103408.nc,35,1.566767578125,3
83,565,10.2466872346915,1696329510.93187,-31.417648088187,-15.216490444378,-1.89473688602448,-2.65373301506042,565kuka_stare_decon_Ku-Scat20231003-103408.nc,36,1.57439697265625,4
84,566,10.2466872346915,1696329511.3969,-31.417648088187,-15.216490444378,-1.89473688602448,-2.65373301506042,566kuka_stare_decon_Ku-Scat20231003-103408.nc,35,1.566767578125,2
85,597,10.1582077258461,1696329525.80644,-31.4654786847532,-15.2918293902185,-1.21175026893616,-0.0539780147373676,597kuka_stare_decon_Ku-Scat20231003-103408.nc,35,1.566767578125,3
86,598,10.1582077258461,1696329526.27144,-31.4654786847532,-15.2918293902185,-1.21175026893616,-0.0539780147373676,598kuka_stare_decon_Ku-Scat20231003-103408.nc,43,1.627802734375,3
87,599,10.4385909347344,1696329526.736,-31.3485713228583,-15.0369786769152,-1.21175026893616,-0.0539780147373676,599kuka_stare_decon_Ku-Scat20231003-103408.nc,35,1.566767578125,3
88,600,10.4385909347344,1696329527.20101,-31.3485713228583,-15.0369786769152,-2.05997562408447,-0.979314625263214,600kuka_stare_decon_Ku-Scat20231003-103408.nc,36,1.57439697265625,3
89,601,10.8195999229925,1696329527.66586,-31.1826085406356,-14.6939607741078,-2.05997562408447,-0.979314625263214,601kuka_stare_decon_Ku-Scat20231003-103408.nc,36,1.57439697265625,3
90,602,10.8195999229925,1696329528.13068,-31.1826085406356,-14.6939607741078,-1.64137089252472,0.39767450094223,602kuka_stare_decon_Ku-Scat20231003-103408.nc,37,1.5820263671875,4
91,603,10.8195999229925,1696329528.59543,-31.1826085406356,-14.6939607741078,-1.64137089252472,0.39767450094223,603kuka_stare_decon_Ku-Scat20231003-103408.nc,38,1.58965576171875,2
92,604,11.4398330379318,1696329529.06034,-30.902760328725,-14.1400938626612,-0.947368443012238,-1.57417368888855,604kuka_stare_decon_Ku-Scat20231003-103408.nc,37,1.5820263671875,3
93,605,11.4398330379318,1696329529.52514,-30.902760328725,-14.1400938626612,-0.947368443012238,-1.57417368888855,605kuka_stare_decon_Ku-Scat20231003-103408.nc,37,1.5820263671875,3
94,606,12.064402302036,1696329529.98998,-30.6620385604911,-13.5632279718993,-0.165238678455353,0.463769853115082,606kuka_stare_decon_Ku-Scat20231003-103408.nc,38,1.58965576171875,5
95,607,12.064402302036,1696329530.45525,-30.6620385604911,-13.5632279718993,-0.165238678455353,0.463769853115082,607kuka_stare_decon_Ku-Scat20231003-103408.nc,39,1.59728515625,3
96,608,12.5892095348581,1696329530.91998,-30.4747576727532,-13.07163096976,-0.0881272926926613,0.496817529201508,608kuka_stare_decon_Ku-Scat20231003-103408.nc,39,1.59728515625,3
97,609,12.5892095348581,1696329531.38477,-30.4747576727532,-13.07163096976,-0.0881272926926613,0.496817529201508,609kuka_stare_decon_Ku-Scat20231003-103408.nc,38,1.58965576171875,4
98,610,13.1687260322637,1696329531.84959,-30.312234994024,-12.5087773635751,-0.462668299674988,-0.692900955677033,610kuka_stare_decon_Ku-Scat20231003-103408.nc,38,1.58965576171875,6
99,611,13.1687260322637,1696329532.31445,-30.312234994024,-12.5087773635751,-0.462668299674988,-0.692900955677033,611kuka_stare_decon_Ku-Scat20231003-103408.nc,38,1.58965576171875,4
100,612,13.2773194351865,1696329532.77942,-30.2567715058103,-12.4146869771648,-0.462668299674988,-0.692900955677033,612kuka_stare_decon_Ku-Scat20231003-103408.nc,38,1.58965576171875,5
101,613,13.2773194351865,1696329533.24404,-30.2567715058103,-12.4146869771648,-1.16768670082092,2.47968173027039,613kuka_stare_decon_Ku-Scat20231003-103408.nc,37,1.5820263671875,3
102,614,13.611101313877,1696329533.70896,-30.1176388016902,-12.1112824986922,-1.16768670082092,2.47968173027039,614kuka_stare_decon_Ku-Scat20231003-103408.nc,37,1.5820263671875,4
103,615,13.611101313877,1696329534.17377,-30.1176388016902,-12.1112824986922,-0.0660954713821411,0.84932678937912,615kuka_stare_decon_Ku-Scat20231003-103408.nc,38,1.58965576171875,3
104,616,13.611101313877,1696329534.63871,-30.1176388016902,-12.1112824986922,-0.0660954713821411,0.84932678937912,616kuka_stare_decon_Ku-Scat20231003-103408.nc,67,1.810908203125,1
105,617,14.2108115591851,1696329535.10352,-29.8906847620383,-11.5557240940398,-0.969400227069855,-0.10905747115612,617kuka_stare_decon_Ku-Scat20231003-103408.nc,38,1.58965576171875,3
106,618,14.2108115591851,1696329535.56846,-29.8906847620383,-11.5557240940398,-0.969400227069855,-0.10905747115612,618kuka_stare_decon_Ku-Scat20231003-103408.nc,36,1.57439697265625,4
107,619,14.7334039999195,1696329536.03318,-29.6818776582368,-11.0766110833501,-1.17870259284973,2.3474907875061,619kuka_stare_decon_Ku-Scat20231003-103408.nc,38,1.58965576171875,2
108,620,14.7334039999195,1696329536.49803,-29.6818776582368,-11.0766110833501,-1.17870259284973,2.3474907875061,620kuka_stare_decon_Ku-Scat20231003-103408.nc,38,1.58965576171875,2
109,4,14.8558085642866,1696329550.4432,-29.5910832127556,-10.9833632793743,-1.66340267658234,0.100244715809822,4kuka_stare_decon_Ku-Scat20231003-103908.nc,38,1.58965576171875,2
110,5,14.9227985358387,1696329550.90805,-29.5641752984375,-10.9220082431566,-1.66340267658234,0.100244715809822,5kuka_stare_decon_Ku-Scat20231003-103908.nc,37,1.5820263671875,3
111,6,14.9227985358387,1696329551.37305,-29.5641752984375,-10.9220082431566,-1.29987764358521,-0.241248413920403,6kuka_stare_decon_Ku-Scat20231003-103908.nc,36,1.57439697265625,3
112,7,15.2029538437092,1696329551.83782,-29.4551067361608,-10.6638465711148,-1.29987764358521,-0.241248413920403,7kuka_stare_decon_Ku-Scat20231003-103908.nc,42,1.62017333984375,2
113,8,15.2029538437092,1696329552.30275,-29.4551067361608,-10.6638465711148,-1.48714804649353,1.10269284248352,8kuka_stare_decon_Ku-Scat20231003-103908.nc,39,1.59728515625,3
114,9,15.347844549529,1696329552.76761,-29.3984779929742,-10.530432265834,-1.48714804649353,1.10269284248352,9kuka_stare_decon_Ku-Scat20231003-103908.nc,37,1.5820263671875,3
115,10,15.347844549529,1696329553.23254,-29.3984779929742,-10.530432265834,-1.48714804649353,1.10269284248352,10kuka_stare_decon_Ku-Scat20231003-103908.nc,37,1.5820263671875,3
116,11,15.5785695287178,1696329553.69732,-29.3136955681257,-10.3155399749521,-0.837209284305573,0.111260607838631,11kuka_stare_decon_Ku-Scat20231003-103908.nc,34,1.55913818359375,4
117,12,15.5785695287178,1696329554.16227,-29.3136955681257,-10.3155399749521,-0.837209284305573,0.111260607838631,12kuka_stare_decon_Ku-Scat20231003-103908.nc,40,1.60491455078125,3
118,41,15.6152929747804,1696329567.64252,-29.3040000847541,-10.2796177987475,-0.70501834154129,0.595960795879364,41kuka_stare_decon_Ku-Scat20231003-103908.nc,38,1.58965576171875,3
119,42,15.6152929747804,1696329568.10733,-29.3040000847541,-10.2796177987475,-0.70501834154129,0.595960795879364,42kuka_stare_decon_Ku-Scat20231003-103908.nc,38,1.58965576171875,3
120,43,15.6152929747804,1696329568.57232,-29.3040000847541,-10.2796177987475,-0.70501834154129,0.595960795879364,43kuka_stare_decon_Ku-Scat20231003-103908.nc,35,1.566767578125,3
121,44,15.977161309982,1696329569.03705,-29.1694334400818,-9.94332643656526,-0.815177500247955,-0.692900955677033,44kuka_stare_decon_Ku-Scat20231003-103908.nc,38,1.58965576171875,4
122,45,15.977161309982,1696329569.50198,-29.1694334400818,-9.94332643656526,-0.815177500247955,-0.692900955677033,45kuka_stare_decon_Ku-Scat20231003-103908.nc,38,1.58965576171875,3
123,46,16.6622552883676,1696329569.96671,-28.9073205012828,-9.31000356317963,-0.859241127967835,-1.46401476860046,46kuka_stare_decon_Ku-Scat20231003-103908.nc,42,1.62017333984375,2
124,47,16.6622552883676,1696329570.43157,-28.9073205012828,-9.31000356317963,-0.859241127967835,-1.46401476860046,47kuka_stare_decon_Ku-Scat20231003-103908.nc,39,1.59728515625,2
125,48,17.2273989629979,1696329570.89664,-28.7315334239975,-8.76951460109558,0.264381885528564,0.243451550602913,48kuka_stare_decon_Ku-Scat20231003-103908.nc,39,1.59728515625,3
126,49,17.2273989629979,1696329571.36168,-28.7315334239975,-8.76951460109558,0.264381885528564,0.243451550602913,49kuka_stare_decon_Ku-Scat20231003-103908.nc,37,1.5820263671875,4
127,50,17.5080526512215,1696329571.8263,-28.6524140066467,-8.49756546469871,-0.738066077232361,0.640024363994598,50kuka_stare_decon_Ku-Scat20231003-103908.nc,40,1.60491455078125,3
128,51,17.5080526512215,1696329572.29017,-28.6524140066467,-8.49756546469871,-0.738066077232361,0.640024363994598,51kuka_stare_decon_Ku-Scat20231003-103908.nc,38,1.58965576171875,4
129,52,18.1648884948011,1696329572.75516,-28.4518919228576,-7.86815997294616,-0.165238678455353,-0.604773581027985,52kuka_stare_decon_Ku-Scat20231003-103908.nc,41,1.6125439453125,2
130,53,18.1648884948011,1696329573.22006,-28.4518919228576,-7.86815997294616,-0.165238678455353,-0.604773581027985,53kuka_stare_decon_Ku-Scat20231003-103908.nc,40,1.60491455078125,3
131,54,18.5608557565997,1696329573.68496,-28.3023421335965,-7.50138085684739,-0.165238678455353,-0.604773581027985,54kuka_stare_decon_Ku-Scat20231003-103908.nc,39,1.59728515625,4
132,55,18.5608557565997,1696329574.14966,-28.3023421335965,-7.50138085684739,0.286413699388504,1.15777242183685,55kuka_stare_decon_Ku-Scat20231003-103908.nc,40,1.60491455078125,2
133,56,18.5608557565997,1696329574.61454,-28.3023421335965,-7.50138085684739,0.286413699388504,1.15777242183685,56kuka_stare_decon_Ku-Scat20231003-103908.nc,39,1.59728515625,2
134,57,18.8854494629721,1696329575.07938,-28.1754898787476,-7.20258009491954,-0.176254585385323,1.57637703418732,57kuka_stare_decon_Ku-Scat20231003-103908.nc,39,1.59728515625,5
135,58,18.8854494629721,1696329575.54428,-28.1754898787476,-7.20258009491954,-0.176254585385323,1.57637703418732,58kuka_stare_decon_Ku-Scat20231003-103908.nc,40,1.60491455078125,2
136,59,19.0991393935649,1696329576.00925,-28.0805912390351,-7.01085294375662,0.297429621219635,1.7085679769516,59kuka_stare_decon_Ku-Scat20231003-103908.nc,39,1.59728515625,2
137,62,19.238456766337,1696329577.40369,-28.0185938053764,-6.88591332512442,-0.055079560726881,1.02558147907257,62kuka_stare_decon_Ku-Scat20231003-103908.nc,38,1.58965576171875,3
138,63,19.2972372266255,1696329577.86854,-27.9916908964515,-6.83352656185161,-0.275397807359695,0.210403874516487,63kuka_stare_decon_Ku-Scat20231003-103908.nc,38,1.58965576171875,3
139,88,19.2614051915022,1696329589.48937,-28.0017328942195,-6.86824945069384,-0.550795614719391,0.276499450206757,88kuka_stare_decon_Ku-Scat20231003-103908.nc,37,1.5820263671875,3
140,89,19.2920527512831,1696329589.95434,-27.987563691102,-6.84099875169341,-0.550795614719391,0.276499450206757,89kuka_stare_decon_Ku-Scat20231003-103908.nc,36,1.57439697265625,2
141,90,19.2920527512831,1696329590.41916,-27.987563691102,-6.84099875169341,-0.110159121453762,0.0671970397233963,90kuka_stare_decon_Ku-Scat20231003-103908.nc,42,1.62017333984375,3
142,91,19.7526945334087,1696329590.88414,-27.7893623136915,-6.4249388941098,-0.110159121453762,0.0671970397233963,91kuka_stare_decon_Ku-Scat20231003-103908.nc,37,1.5820263671875,3
143,92,19.7526945334087,1696329591.34894,-27.7893623136915,-6.4249388941098,-0.319461435079575,-0.395471155643463,92kuka_stare_decon_Ku-Scat20231003-103908.nc,35,1.566767578125,3
144,93,20.0169119504807,1696329591.81362,-27.6838843859732,-6.18268657592125,-0.319461435079575,-0.395471155643463,93kuka_stare_decon_Ku-Scat20231003-103908.nc,40,1.60491455078125,2
145,142,19.9815219277827,1696329614.59127,-27.7167401001789,-6.2069105427945,-1.36597311496735,0.100244715809822,142kuka_stare_decon_Ku-Scat20231003-103908.nc,39,1.59728515625,2
146,143,20.0262910182378,1696329615.05598,-27.697127122432,-6.16662683908362,-1.36597311496735,0.100244715809822,143kuka_stare_decon_Ku-Scat20231003-103908.nc,34,1.55913818359375,3
147,144,20.0262910182378,1696329615.52086,-27.697127122432,-6.16662683908362,-0.859241127967835,0.232435658574104,144kuka_stare_decon_Ku-Scat20231003-103908.nc,33,1.5515087890625,3
148,145,20.443169155486,1696329615.98591,-27.5367710092105,-5.78174744267017,-0.859241127967835,0.232435658574104,145kuka_stare_decon_Ku-Scat20231003-103908.nc,31,1.53625,4
149,146,20.443169155486,1696329616.45081,-27.5367710092105,-5.78174744267017,-1.96083235740662,-0.164137169718742,146kuka_stare_decon_Ku-Scat20231003-103908.nc,32,1.54387939453125,4
150,147,20.8919922884128,1696329616.91565,-27.3509477260523,-5.37315264053177,-1.96083235740662,-0.164137169718742,147kuka_stare_decon_Ku-Scat20231003-103908.nc,34,1.55913818359375,2
151,148,20.8919922884128,1696329617.38039,-27.3509477260523,-5.37315264053177,-2.46756434440613,-1.24369645118713,148kuka_stare_decon_Ku-Scat20231003-103908.nc,33,1.5515087890625,2
152,149,21.5270647953734,1696329617.84536,-27.0603181887418,-4.80718685209286,-2.46756434440613,-1.24369645118713,149kuka_stare_decon_Ku-Scat20231003-103908.nc,34,1.55913818359375,3
153,150,21.5270647953734,1696329618.31018,-27.0603181887418,-4.80718685209286,-2.46756434440613,-1.24369645118713,150kuka_stare_decon_Ku-Scat20231003-103908.nc,34,1.55913818359375,3
154,151,22.0497504245306,1696329618.77509,-26.8856282345951,-4.31301971955691,-1.63035500049591,0.243451550602913,151kuka_stare_decon_Ku-Scat20231003-103908.nc,36,1.57439697265625,4
155,152,22.0497504245306,1696329619.2399,-26.8856282345951,-4.31301971955691,-1.63035500049591,0.243451550602913,152kuka_stare_decon_Ku-Scat20231003-103908.nc,35,1.566767578125,2
156,153,22.4416300627089,1696329619.70478,-26.7688156594522,-3.93638761923648,-1.09057521820068,1.59840881824493,153kuka_stare_decon_Ku-Scat20231003-103908.nc,36,1.57439697265625,4
157,155,22.4416300627089,1696329620.6344,-26.7688156594522,-3.93638761923648,-0.649938821792603,3.25079560279846,155kuka_stare_decon_Ku-Scat20231003-103908.nc,36,1.57439697265625,2
158,156,22.4667890344659,1696329621.09949,-26.7720432202332,-3.90753650455736,-0.649938821792603,3.25079560279846,156kuka_stare_decon_Ku-Scat20231003-103908.nc,35,1.566767578125,2
159,157,22.4667890344659,1696329621.5643,-26.7720432202332,-3.90753650455736,-0.605875134468079,1.04761326313019,157kuka_stare_decon_Ku-Scat20231003-103908.nc,38,1.58965576171875,3
160,158,22.8231439521179,1696329622.0291,-26.6722237011418,-3.56238000735175,-0.605875134468079,1.04761326313019,158kuka_stare_decon_Ku-Scat20231003-103908.nc,36,1.57439697265625,2
161,159,22.8231439521179,1696329622.49395,-26.6722237011418,-3.56238000735175,-1.04651165008545,0.430722177028656,159kuka_stare_decon_Ku-Scat20231003-103908.nc,36,1.57439697265625,2
162,160,23.1643904688475,1696329622.95868,-26.5755746942013,-3.23240734601859,-1.04651165008545,0.430722177028656,160kuka_stare_decon_Ku-Scat20231003-103908.nc,38,1.58965576171875,2
163,161,23.1643904688475,1696329623.42366,-26.5755746942013,-3.23240734601859,-1.04651165008545,0.430722177028656,161kuka_stare_decon_Ku-Scat20231003-103908.nc,37,1.5820263671875,2
164,162,23.4048937126235,1696329623.88855,-26.5165482624434,-2.99599872599356,-0.440636485815048,0.651040494441986,162kuka_stare_decon_Ku-Scat20231003-103908.nc,37,1.5820263671875,3
165,163,23.4048937126235,1696329624.35334,-26.5165482624434,-2.99599872599356,-0.440636485815048,0.651040494441986,163kuka_stare_decon_Ku-Scat20231003-103908.nc,36,1.57439697265625,3
166,164,23.6540753163515,1696329624.8182,-26.4455810650252,-2.75532406545244,-1.65238678455353,-2.15801692008972,164kuka_stare_decon_Ku-Scat20231003-103908.nc,34,1.55913818359375,2
167,165,23.6540753163515,1696329625.28301,-26.4455810650252,-2.75532406545244,-1.65238678455353,-2.15801692008972,165kuka_stare_decon_Ku-Scat20231003-103908.nc,34,1.55913818359375,2
168,167,23.8166395414981,1696329626.21285,-26.4143563350663,-2.59190934291109,-1.37698900699615,-3.40281510353088,167kuka_stare_decon_Ku-Scat20231003-103908.nc,34,1.55913818359375,4
169,168,23.8413184123679,1696329626.67776,-26.4056223444641,-2.568805528339,-1.10159122943878,-2.35630345344543,168kuka_stare_decon_Ku-Scat20231003-103908.nc,33,1.5515087890625,5
170,169,23.8413184123679,1696329627.14253,-26.4056223444641,-2.568805528339,-1.10159122943878,-2.35630345344543,169kuka_stare_decon_Ku-Scat20231003-103908.nc,35,1.566767578125,3
171,170,23.8413184123679,1696329627.60635,-26.4056223444641,-2.568805528339,-1.54222762584686,-4.39424753189087,170kuka_stare_decon_Ku-Scat20231003-103908.nc,31,1.53625,2
172,171,24.1683456737903,1696329628.07124,-26.3395769950002,-2.24160516005941,-1.54222762584686,-4.39424753189087,171kuka_stare_decon_Ku-Scat20231003-103908.nc,32,1.54387939453125,3
173,172,24.1683456737903,1696329628.53613,-26.3395769950002,-2.24160516005941,-1.54222762584686,-4.39424753189087,172kuka_stare_decon_Ku-Scat20231003-103908.nc,32,1.54387939453125,3
174,173,24.2904925435495,1696329629.00104,-26.3146705520339,-2.11954515485559,-1.69645047187805,-3.07233786582947,173kuka_stare_decon_Ku-Scat20231003-103908.nc,67,1.810908203125,1
175,174,24.2904925435495,1696329629.46594,-26.3146705520339,-2.11954515485559,-1.69645047187805,-3.07233786582947,174kuka_stare_decon_Ku-Scat20231003-103908.nc,31,1.53625,5
176,175,24.4153139967743,1696329629.93081,-26.2925334307365,-1.99344845989253,-1.93880045413971,-3.97564244270325,175kuka_stare_decon_Ku-Scat20231003-103908.nc,31,1.53625,2
177,205,24.4002716153795,1696329643.87604,-26.3072204296477,-2.00359978328925,-1.34394121170044,-4.95605897903442,205kuka_stare_decon_Ku-Scat20231003-103908.nc,31,1.53625,2
178,206,24.4002716153795,1696329644.34097,-26.3072204296477,-2.00359978328925,-1.34394121170044,-4.95605897903442,206kuka_stare_decon_Ku-Scat20231003-103908.nc,33,1.5515087890625,3
179,207,24.6603685540275,1696329644.80586,-26.2457409822382,-1.74738372582942,-2.15911865234375,-5.44075870513916,207kuka_stare_decon_Ku-Scat20231003-103908.nc,68,1.81853759765625,2
180,208,24.6603685540275,1696329645.27081,-26.2457409822382,-1.74738372582942,-2.15911865234375,-5.44075870513916,208kuka_stare_decon_Ku-Scat20231003-103908.nc,31,1.53625,5
181,209,25.0523306854134,1696329645.73564,-26.1486218189821,-1.36326752812602,-2.15911865234375,-5.44075870513916,209kuka_stare_decon_Ku-Scat20231003-103908.nc,31,1.53625,3
182,210,25.0523306854134,1696329646.20047,-26.1486218189821,-1.36326752812602,-1.76254594326019,-4.10783386230469,210kuka_stare_decon_Ku-Scat20231003-103908.nc,34,1.55913818359375,5
183,211,25.4004754578842,1696329646.66543,-26.0168788097799,-1.0410077032866,-1.76254594326019,-4.10783386230469,211kuka_stare_decon_Ku-Scat20231003-103908.nc,33,1.5515087890625,4
184,242,25.4080595950813,1696329661.07511,-26.0227974839509,-1.03034718031995,-1.41003668308258,1.28996336460114,242kuka_stare_decon_Ku-Scat20231003-103908.nc,35,1.566767578125,3
185,243,25.4080595950813,1696329661.53998,-26.0227974839509,-1.03034718031995,-1.41003668308258,1.28996336460114,243kuka_stare_decon_Ku-Scat20231003-103908.nc,34,1.55913818359375,3
186,244,25.4533171331388,1696329662.00499,-26.023812269792,-0.980953004676849,-1.85067319869995,0.959485948085785,244kuka_stare_decon_Ku-Scat20231003-103908.nc,34,1.55913818359375,5
187,245,25.4533171331388,1696329662.46979,-26.023812269792,-0.980953004676849,-1.85067319869995,0.959485948085785,245kuka_stare_decon_Ku-Scat20231003-103908.nc,38,1.58965576171875,3
188,246,26.1452335182424,1696329662.9346,-25.742771721445,-0.348426897777244,-1.90575277805328,-0.472582638263702,246kuka_stare_decon_Ku-Scat20231003-103908.nc,40,1.60491455078125,3
189,247,26.1452335182424,1696329663.39947,-25.742771721445,-0.348426897777244,-1.90575277805328,-0.472582638263702,247kuka_stare_decon_Ku-Scat20231003-103908.nc,37,1.5820263671875,3
190,248,26.6176258797626,1696329663.86441,-25.5693313213997,0.0910419478313997,-1.90575277805328,-0.472582638263702,248kuka_stare_decon_Ku-Scat20231003-103908.nc,38,1.58965576171875,4
191,249,26.6176258797626,1696329664.32925,-25.5693313213997,0.0910419478313997,-0.220318242907524,0.761199533939362,249kuka_stare_decon_Ku-Scat20231003-103908.nc,43,1.627802734375,3
192,250,27.2298580975458,1696329664.794,-25.3544577881694,0.66469245927874,-0.220318242907524,0.761199533939362,250kuka_stare_decon_Ku-Scat20231003-103908.nc,41,1.6125439453125,3
193,251,27.2298580975458,1696329665.25901,-25.3544577881694,0.66469245927874,0.352509170770645,1.11370873451233,251kuka_stare_decon_Ku-Scat20231003-103908.nc,38,1.58965576171875,4
194,252,27.9226748828071,1696329665.72376,-25.1304064206779,1.3216869244352,0.352509170770645,1.11370873451233,252kuka_stare_decon_Ku-Scat20231003-103908.nc,38,1.58965576171875,4
195,253,27.9226748828071,1696329666.18891,-25.1304064206779,1.3216869244352,-0.0660954713821411,-1.07845783233643,253kuka_stare_decon_Ku-Scat20231003-103908.nc,38,1.58965576171875,4
196,254,28.4121679676684,1696329666.65359,-24.9701281897724,1.78501714125741,-0.0660954713821411,-1.07845783233643,254kuka_stare_decon_Ku-Scat20231003-103908.nc,38,1.58965576171875,4
197,267,28.4137830097327,1696329672.69697,-24.9629158345051,1.78380665788427,-0.264381885528564,0.783231317996979,267kuka_stare_decon_Ku-Scat20231003-103908.nc,38,1.58965576171875,4
198,268,28.4137830097327,1696329673.16182,-24.9629158345051,1.78380665788427,-0.352509170770645,0.518849551677704,268kuka_stare_decon_Ku-Scat20231003-103908.nc,36,1.57439697265625,4
199,269,28.4137830097327,1696329673.62697,-24.9629158345051,1.78380665788427,-0.352509170770645,0.518849551677704,269kuka_stare_decon_Ku-Scat20231003-103908.nc,37,1.5820263671875,4
200,270,28.8479151822584,1696329674.09061,-24.8655156102031,2.21297690330539,0.187270507216454,0.111260607838631,270kuka_stare_decon_Ku-Scat20231003-103908.nc,36,1.57439697265625,4
201,271,28.8479151822584,1696329674.55553,-24.8655156102031,2.21297690330539,0.187270507216454,0.111260607838631,271kuka_stare_decon_Ku-Scat20231003-103908.nc,35,1.566767578125,4
202,272,29.4938219473357,1696329675.02023,-24.7172645772807,2.84980438172352,0.187270507216454,0.111260607838631,272kuka_stare_decon_Ku-Scat20231003-103908.nc,35,1.566767578125,4
203,273,29.4938219473357,1696329675.48511,-24.7172645772807,2.84980438172352,-1.49816405773163,2.23733162879944,273kuka_stare_decon_Ku-Scat20231003-103908.nc,35,1.566767578125,5
204,274,29.7863077504017,1696329675.95008,-24.6545510408469,3.13982840836979,-1.49816405773163,2.23733162879944,274kuka_stare_decon_Ku-Scat20231003-103908.nc,35,1.566767578125,4
205,276,30.1718411893384,1696329676.87983,-24.5428425897844,3.51038887887262,-1.65238678455353,-0.0209303386509418,276kuka_stare_decon_Ku-Scat20231003-103908.nc,34,1.55913818359375,3
206,277,30.1718411893384,1696329677.34472,-24.5428425897844,3.51038887887262,-2.46756434440613,-0.120073363184929,277kuka_stare_decon_Ku-Scat20231003-103908.nc,35,1.566767578125,5
207,278,30.5194728302508,1696329677.80971,-24.4100204352289,3.83167153724935,-2.46756434440613,-0.120073363184929,278kuka_stare_decon_Ku-Scat20231003-103908.nc,37,1.5820263671875,2
208,305,30.516113402373,1696329690.36004,-24.394145114813,3.82169945398346,-1.57527542114258,0.893390476703644,305kuka_stare_decon_Ku-Scat20231003-103908.nc,36,1.57439697265625,4
209,306,30.5130734159889,1696329690.82487,-24.3980130618438,3.81997387204319,-1.57527542114258,0.893390476703644,306kuka_stare_decon_Ku-Scat20231003-103908.nc,36,1.57439697265625,4
210,307,30.5130734159889,1696329691.28986,-24.3980130618438,3.81997387204319,-1.94981634616852,0.276499450206757,307kuka_stare_decon_Ku-Scat20231003-103908.nc,37,1.5820263671875,4
211,308,30.9177102782955,1696329691.75457,-24.257130945567,4.19943074986804,-1.94981634616852,0.276499450206757,308kuka_stare_decon_Ku-Scat20231003-103908.nc,36,1.57439697265625,4
212,309,30.9177102782955,1696329692.21944,-24.257130945567,4.19943074986804,-1.94981634616852,0.276499450206757,309kuka_stare_decon_Ku-Scat20231003-103908.nc,38,1.58965576171875,4
213,500,31.2893556689205,1696329781.00516,-24.0639893184416,4.52238386147656,-0.561811506748199,-0.208200737833977,500kuka_stare_decon_Ku-Scat20231003-103908.nc,43,1.627802734375,2
214,505,31.2919910613681,1696329783.32837,-24.0594446635805,4.52339604787994,-0.0440636463463306,0.375642478466034,505kuka_stare_decon_Ku-Scat20231003-103908.nc,42,1.62017333984375,2
215,522,31.2810098394201,1696329791.23106,-24.0458567859605,4.50608478253707,-0.176254585385323,0.364626586437225,522kuka_stare_decon_Ku-Scat20231003-103908.nc,41,1.6125439453125,2
216,571,31.2658487048147,1696329814.0086,-24.0364877805114,4.48595667607151,-0.771113812923431,-0.296328127384186,571kuka_stare_decon_Ku-Scat20231003-103908.nc,42,1.62017333984375,3
217,572,31.2658487048147,1696329814.47355,-24.0364877805114,4.48595667607151,-0.914320707321167,-0.34039169549942,572kuka_stare_decon_Ku-Scat20231003-103908.nc,36,1.57439697265625,4
218,573,31.505760101405,1696329814.93858,-23.9582183742896,4.71308045194019,-0.914320707321167,-0.34039169549942,573kuka_stare_decon_Ku-Scat20231003-103908.nc,37,1.5820263671875,2
219,574,31.505760101405,1696329815.40341,-23.9582183742896,4.71308045194019,-0.506731927394867,-1.06744170188904,574kuka_stare_decon_Ku-Scat20231003-103908.nc,37,1.5820263671875,4
220,575,32.1894881818731,1696329815.86837,-23.7199423662387,5.35421588807367,-0.506731927394867,-1.06744170188904,575kuka_stare_decon_Ku-Scat20231003-103908.nc,38,1.58965576171875,3
221,576,32.1894881818731,1696329816.33226,-23.7199423662387,5.35421588807367,0.308445543050766,0.463769853115082,576kuka_stare_decon_Ku-Scat20231003-103908.nc,37,1.5820263671875,3
222,577,32.7433895953501,1696329816.79703,-23.5349869853817,5.87684987380635,0.308445543050766,0.463769853115082,577kuka_stare_decon_Ku-Scat20231003-103908.nc,37,1.5820263671875,4
223,578,32.7433895953501,1696329817.26185,-23.5349869853817,5.87684987380635,-0.771113812923431,-2.25716042518616,578kuka_stare_decon_Ku-Scat20231003-103908.nc,37,1.5820263671875,5
224,579,33.346009744199,1696329817.72685,-23.3217523619533,6.44061460101511,-0.771113812923431,-2.25716042518616,579kuka_stare_decon_Ku-Scat20231003-103908.nc,36,1.57439697265625,4
